{
"lengthUnit": "mil",
"components": {
	"fields": ["COMPONENT_NO", "COMPONENT_NAME", "LAYER", "X_COORDINATE", "Y_COORDINATE", "ANGLE"],
	"rows": [
		[1, "220Vin", "T", 3385, -1135, 270],
		[2, "ACout", "T", 3385, -730, 270],
		[3, "C6", "T", 685, -1465, 90],
		[4, "C7", "T", 505, -910, 270],
		[5, "D2", "T", 405, -1550, 180],
		[6, "D3", "T", 3010, -940, 0],
		[7, "H1", "T", 990, -590, 180],
		[8, "H2", "T", 1000, -1810, 180],
		[9, "HLK-5M05", "T", 2750, -1790, 180],
		[10, "KEY1", "T", 210, -1305, 180],
		[11, "Q2", "T", 2700, -610, 270],
		[12, "Q3", "T", 1990, -890, 270],
		[13, "R1", "T", 680, -965, 270],
		[14, "R2", "T", 115, -1550, 180],
		[15, "R3", "T", 679.37, -775.63, 270],
		[16, "R4", "T", 504.37, -1294.37, 90],
		[17, "R8", "T", 2835, -930, 270],
		[18, "R11", "T", 2835, -785, 270],
		[19, "R12", "T", 2620, -1250, 0],
		[20, "R13", "T", 2835, -1085, 90],
		[21, "R14", "T", 2809.37, -1244.37, 0],
		[22, "U1", "T", 1225, -1045, 270],
		[23, "U2", "T", 865, -1615, 180],
		[24, "U3", "T", 1485, -1600, 180],
		[25, "U5", "T", 680, -1140, 90],
		[26, "U6", "T", 1020, -1615, 0],
		[27, "U9", "T", 2320, -885, 0],
		[28, "U13", "T", 1175, -1615, 0],
		[29, "U14", "T", 2260, -595, 180],
		[30, "U16", "T", 2215, -1200, 0],
		[31, "U17", "T", 2665, -945, 0],
		[32, "USB1", "T", 170, -885, 270]
	]
},
"pins": {
	"fields": ["PIN_NO", "PIN_NAME", "PIN_X", "PIN_Y", "LAYER", "PIN_TYPE", "NET_NAME", "NET_TYPE", "PAD_SHAPE", "PAD_SIZEX", "PAD_SIZEY", "HOLE_SIZE", "PAD_ANGLE"],
	"rows": [
		[1, "220Vin_1", 3385, -1036.58, "T", "DIP", "220VAC+", "", "C", 78.74, 78.74, 47.24, 270],
		[2, "220Vin_1", 3385, -1036.58, "B", "DIP", "220VAC+", "", "C", 78.74, 78.74, 47.24, 270],
		[3, "220Vin_2", 3385, -1233.42, "T", "DIP", "220VAC-", "", "C", 78.74, 78.74, 47.24, 270],
		[4, "220Vin_2", 3385, -1233.42, "B", "DIP", "220VAC-", "", "C", 78.74, 78.74, 47.24, 270],
		[5, "ACout_1", 3385, -631.58, "T", "DIP", "220VAC-", "", "C", 78.74, 78.74, 47.24, 270],
		[6, "ACout_1", 3385, -631.58, "B", "DIP", "220VAC-", "", "C", 78.74, 78.74, 47.24, 270],
		[7, "ACout_2", 3385, -828.42, "T", "DIP", "$1N20286", "", "C", 78.74, 78.74, 47.24, 270],
		[8, "ACout_2", 3385, -828.42, "B", "DIP", "$1N20286", "", "C", 78.74, 78.74, 47.24, 270],
		[9, "C6_1", 685, -1346, "T", "SMD", "+5V", "", "R", 95.5, 98.42, 0, 270],
		[10, "C6_2", 685, -1584, "T", "SMD", "GND", "GND", "R", 95.5, 98.42, 0, 270],
		[11, "C7_1", 505, -1029, "T", "SMD", "+3.3V", "", "R", 95.5, 98.42, 0, 90],
		[12, "C7_2", 505, -791, "T", "SMD", "GND", "GND", "R", 95.5, 98.42, 0, 90],
		[13, "D2_1", 491.61, -1550, "T", "SMD", "+5V", "", "R", 78.74, 78.74, 0, 0],
		[14, "D2_2", 318.39, -1550, "T", "SMD", "$1N17029", "", "R", 78.74, 78.74, 0, 0],
		[15, "D3_1", 3010, -840, "T", "DIP", "220VAC+", "", "C", 98.42, 98.42, 62.99, 270],
		[16, "D3_1", 3010, -840, "B", "DIP", "220VAC+", "", "C", 98.42, 98.42, 62.99, 270],
		[17, "D3_2", 3010, -640, "T", "DIP", "$1N19867", "", "C", 98.42, 98.42, 62.99, 270],
		[18, "D3_2", 3010, -640, "B", "DIP", "$1N19867", "", "C", 98.42, 98.42, 62.99, 270],
		[19, "D3_3", 3010, -1040, "T", "DIP", "220VAC-", "", "C", 98.42, 98.42, 62.99, 270],
		[20, "D3_3", 3010, -1040, "B", "DIP", "220VAC-", "", "C", 98.42, 98.42, 62.99, 270],
		[21, "D3_4", 3010, -1240, "T", "DIP", "$1N19858", "", "C", 98.42, 98.42, 62.99, 270],
		[22, "D3_4", 3010, -1240, "B", "DIP", "$1N19858", "", "C", 98.42, 98.42, 62.99, 270],
		[23, "H1_1", 1940, -590, "T", "DIP", "+5V", "", "R", 62.99, 62.99, 41.34, 180],
		[24, "H1_1", 1940, -590, "B", "DIP", "+5V", "", "R", 62.99, 62.99, 41.34, 180],
		[25, "H1_2", 1840, -590, "T", "DIP", "+3.3V", "", "C", 62.99, 62.99, 41.34, 180],
		[26, "H1_2", 1840, -590, "B", "DIP", "+3.3V", "", "C", 62.99, 62.99, 41.34, 180],
		[27, "H1_3", 1740, -590, "T", "DIP", "EN", "", "C", 62.99, 62.99, 41.34, 180],
		[28, "H1_3", 1740, -590, "B", "DIP", "EN", "", "C", 62.99, 62.99, 41.34, 180],
		[29, "H1_4", 1640, -590, "T", "DIP", "GPIO4", "", "C", 62.99, 62.99, 41.34, 180],
		[30, "H1_4", 1640, -590, "B", "DIP", "GPIO4", "", "C", 62.99, 62.99, 41.34, 180],
		[31, "H1_5", 1540, -590, "T", "DIP", "GPIO5", "", "C", 62.99, 62.99, 41.34, 180],
		[32, "H1_5", 1540, -590, "B", "DIP", "GPIO5", "", "C", 62.99, 62.99, 41.34, 180],
		[33, "H1_6", 1440, -590, "T", "DIP", "GPIO6", "", "C", 62.99, 62.99, 41.34, 180],
		[34, "H1_6", 1440, -590, "B", "DIP", "GPIO6", "", "C", 62.99, 62.99, 41.34, 180],
		[35, "H1_7", 1340, -590, "T", "DIP", "GPIO7", "", "C", 62.99, 62.99, 41.34, 180],
		[36, "H1_7", 1340, -590, "B", "DIP", "GPIO7", "", "C", 62.99, 62.99, 41.34, 180],
		[37, "H1_8", 1240, -590, "T", "DIP", "GPIO15", "", "C", 62.99, 62.99, 41.34, 180],
		[38, "H1_8", 1240, -590, "B", "DIP", "GPIO15", "", "C", 62.99, 62.99, 41.34, 180],
		[39, "H1_9", 1140, -590, "T", "DIP", "GPIO16", "", "C", 62.99, 62.99, 41.34, 180],
		[40, "H1_9", 1140, -590, "B", "DIP", "GPIO16", "", "C", 62.99, 62.99, 41.34, 180],
		[41, "H1_10", 1040, -590, "T", "DIP", "GPIO17", "", "C", 62.99, 62.99, 41.34, 180],
		[42, "H1_10", 1040, -590, "B", "DIP", "GPIO17", "", "C", 62.99, 62.99, 41.34, 180],
		[43, "H1_11", 940, -590, "T", "DIP", "GPIO18", "", "C", 62.99, 62.99, 41.34, 180],
		[44, "H1_11", 940, -590, "B", "DIP", "GPIO18", "", "C", 62.99, 62.99, 41.34, 180],
		[45, "H1_12", 840, -590, "T", "DIP", "GPIO8", "", "C", 62.99, 62.99, 41.34, 180],
		[46, "H1_12", 840, -590, "B", "DIP", "GPIO8", "", "C", 62.99, 62.99, 41.34, 180],
		[47, "H1_13", 740, -590, "T", "DIP", "D-", "", "C", 62.99, 62.99, 41.34, 180],
		[48, "H1_13", 740, -590, "B", "DIP", "D-", "", "C", 62.99, 62.99, 41.34, 180],
		[49, "H1_14", 640, -590, "T", "DIP", "D+", "", "C", 62.99, 62.99, 41.34, 180],
		[50, "H1_14", 640, -590, "B", "DIP", "D+", "", "C", 62.99, 62.99, 41.34, 180],
		[51, "H1_15", 540, -590, "T", "DIP", "GPIO3", "", "C", 62.99, 62.99, 41.34, 180],
		[52, "H1_15", 540, -590, "B", "DIP", "GPIO3", "", "C", 62.99, 62.99, 41.34, 180],
		[53, "H1_16", 440, -590, "T", "DIP", "GPIO46", "", "C", 62.99, 62.99, 41.34, 180],
		[54, "H1_16", 440, -590, "B", "DIP", "GPIO46", "", "C", 62.99, 62.99, 41.34, 180],
		[55, "H1_17", 340, -590, "T", "DIP", "GPIO9", "", "C", 62.99, 62.99, 41.34, 180],
		[56, "H1_17", 340, -590, "B", "DIP", "GPIO9", "", "C", 62.99, 62.99, 41.34, 180],
		[57, "H1_18", 240, -590, "T", "DIP", "GPIO10", "", "C", 62.99, 62.99, 41.34, 180],
		[58, "H1_18", 240, -590, "B", "DIP", "GPIO10", "", "C", 62.99, 62.99, 41.34, 180],
		[59, "H1_19", 140, -590, "T", "DIP", "GPIO11", "", "C", 62.99, 62.99, 41.34, 180],
		[60, "H1_19", 140, -590, "B", "DIP", "GPIO11", "", "C", 62.99, 62.99, 41.34, 180],
		[61, "H1_20", 40, -590, "T", "DIP", "GPIO12", "", "C", 62.99, 62.99, 41.34, 180],
		[62, "H1_20", 40, -590, "B", "DIP", "GPIO12", "", "C", 62.99, 62.99, 41.34, 180],
		[63, "H2_1", 1950, -1810, "T", "DIP", "GND", "GND", "R", 62.99, 62.99, 41.34, 180],
		[64, "H2_1", 1950, -1810, "B", "DIP", "GND", "GND", "R", 62.99, 62.99, 41.34, 180],
		[65, "H2_2", 1850, -1810, "T", "DIP", "GPIO1", "", "C", 62.99, 62.99, 41.34, 180],
		[66, "H2_2", 1850, -1810, "B", "DIP", "GPIO1", "", "C", 62.99, 62.99, 41.34, 180],
		[67, "H2_3", 1750, -1810, "T", "DIP", "GPIO2", "", "C", 62.99, 62.99, 41.34, 180],
		[68, "H2_3", 1750, -1810, "B", "DIP", "GPIO2", "", "C", 62.99, 62.99, 41.34, 180],
		[69, "H2_4", 1650, -1810, "T", "DIP", "TXD", "", "C", 62.99, 62.99, 41.34, 180],
		[70, "H2_4", 1650, -1810, "B", "DIP", "TXD", "", "C", 62.99, 62.99, 41.34, 180],
		[71, "H2_5", 1550, -1810, "T", "DIP", "RXD", "", "C", 62.99, 62.99, 41.34, 180],
		[72, "H2_5", 1550, -1810, "B", "DIP", "RXD", "", "C", 62.99, 62.99, 41.34, 180],
		[73, "H2_6", 1450, -1810, "T", "DIP", "GPIO42", "", "C", 62.99, 62.99, 41.34, 180],
		[74, "H2_6", 1450, -1810, "B", "DIP", "GPIO42", "", "C", 62.99, 62.99, 41.34, 180],
		[75, "H2_7", 1350, -1810, "T", "DIP", "GPIO41", "", "C", 62.99, 62.99, 41.34, 180],
		[76, "H2_7", 1350, -1810, "B", "DIP", "GPIO41", "", "C", 62.99, 62.99, 41.34, 180],
		[77, "H2_8", 1250, -1810, "T", "DIP", "GPIO40", "", "C", 62.99, 62.99, 41.34, 180],
		[78, "H2_8", 1250, -1810, "B", "DIP", "GPIO40", "", "C", 62.99, 62.99, 41.34, 180],
		[79, "H2_9", 1150, -1810, "T", "DIP", "GPIO39", "", "C", 62.99, 62.99, 41.34, 180],
		[80, "H2_9", 1150, -1810, "B", "DIP", "GPIO39", "", "C", 62.99, 62.99, 41.34, 180],
		[81, "H2_10", 1050, -1810, "T", "DIP", "GPIO38", "", "C", 62.99, 62.99, 41.34, 180],
		[82, "H2_10", 1050, -1810, "B", "DIP", "GPIO38", "", "C", 62.99, 62.99, 41.34, 180],
		[83, "H2_11", 950, -1810, "T", "DIP", "GPIO37", "", "C", 62.99, 62.99, 41.34, 180],
		[84, "H2_11", 950, -1810, "B", "DIP", "GPIO37", "", "C", 62.99, 62.99, 41.34, 180],
		[85, "H2_12", 850, -1810, "T", "DIP", "GPIO36", "", "C", 62.99, 62.99, 41.34, 180],
		[86, "H2_12", 850, -1810, "B", "DIP", "GPIO36", "", "C", 62.99, 62.99, 41.34, 180],
		[87, "H2_13", 750, -1810, "T", "DIP", "GPIO35", "", "C", 62.99, 62.99, 41.34, 180],
		[88, "H2_13", 750, -1810, "B", "DIP", "GPIO35", "", "C", 62.99, 62.99, 41.34, 180],
		[89, "H2_14", 650, -1810, "T", "DIP", "GPIO0", "", "C", 62.99, 62.99, 41.34, 180],
		[90, "H2_14", 650, -1810, "B", "DIP", "GPIO0", "", "C", 62.99, 62.99, 41.34, 180],
		[91, "H2_15", 550, -1810, "T", "DIP", "GPIO45", "", "C", 62.99, 62.99, 41.34, 180],
		[92, "H2_15", 550, -1810, "B", "DIP", "GPIO45", "", "C", 62.99, 62.99, 41.34, 180],
		[93, "H2_16", 450, -1810, "T", "DIP", "GPIO48", "", "C", 62.99, 62.99, 41.34, 180],
		[94, "H2_16", 450, -1810, "B", "DIP", "GPIO48", "", "C", 62.99, 62.99, 41.34, 180],
		[95, "H2_17", 350, -1810, "T", "DIP", "GPIO47", "", "C", 62.99, 62.99, 41.34, 180],
		[96, "H2_17", 350, -1810, "B", "DIP", "GPIO47", "", "C", 62.99, 62.99, 41.34, 180],
		[97, "H2_18", 250, -1810, "T", "DIP", "GPIO21", "", "C", 62.99, 62.99, 41.34, 180],
		[98, "H2_18", 250, -1810, "B", "DIP", "GPIO21", "", "C", 62.99, 62.99, 41.34, 180],
		[99, "H2_19", 150, -1810, "T", "DIP", "GPIO14", "", "C", 62.99, 62.99, 41.34, 180],
		[100, "H2_19", 150, -1810, "B", "DIP", "GPIO14", "", "C", 62.99, 62.99, 41.34, 180],
		[101, "H2_20", 50, -1810, "T", "DIP", "GPIO13", "", "C", 62.99, 62.99, 41.34, 180],
		[102, "H2_20", 50, -1810, "B", "DIP", "GPIO13", "", "C", 62.99, 62.99, 41.34, 180],
		[103, "HLK-5M05_1", 3411.41, -1908.11, "T", "DIP", "220VAC-", "", "C", 78.74, 78.74, 47.24, 180],
		[104, "HLK-5M05_1", 3411.41, -1908.11, "B", "DIP", "220VAC-", "", "C", 78.74, 78.74, 47.24, 180],
		[105, "HLK-5M05_2", 3411.41, -1671.89, "T", "DIP", "220VAC+", "", "C", 78.74, 78.74, 47.24, 180],
		[106, "HLK-5M05_2", 3411.41, -1671.89, "B", "DIP", "220VAC+", "", "C", 78.74, 78.74, 47.24, 180],
		[107, "HLK-5M05_3", 2088.59, -2144.33, "T", "DIP", "GND", "GND", "C", 78.74, 78.74, 47.24, 180],
		[108, "HLK-5M05_3", 2088.59, -2144.33, "B", "DIP", "GND", "GND", "C", 78.74, 78.74, 47.24, 180],
		[109, "HLK-5M05_4", 2088.59, -1435.67, "T", "DIP", "$1N17127", "", "C", 78.74, 78.74, 47.24, 180],
		[110, "HLK-5M05_4", 2088.59, -1435.67, "B", "DIP", "$1N17127", "", "C", 78.74, 78.74, 47.24, 180],
		[111, "KEY1_1", 367.47, -1393.58, "T", "SMD", "KEY1_1", "", "R", 70.87, 47.24, 0, 180],
		[112, "KEY1_2", 52.51, -1393.58, "T", "SMD", "KEY1_2", "", "R", 70.87, 47.24, 0, 180],
		[113, "KEY1_3", 367.48, -1216.42, "T", "SMD", "$1N1971", "", "R", 70.87, 47.24, 0, 180],
		[114, "KEY1_4", 52.52, -1216.42, "T", "SMD", "GND", "GND", "R", 70.87, 47.24, 0, 180],
		[115, "Q2_1", 2800, -610, "T", "DIP", "$1N20286", "", "R", 78.74, 98.42, 51.18, 180],
		[116, "Q2_1", 2800, -610, "B", "DIP", "$1N20286", "", "R", 78.74, 98.42, 51.18, 180],
		[117, "Q2_2", 2700, -610, "T", "DIP", "220VAC+", "", "O", 78.74, 98.42, 51.18, 180],
		[118, "Q2_2", 2700, -610, "B", "DIP", "220VAC+", "", "O", 78.74, 98.42, 51.18, 180],
		[119, "Q2_3", 2600, -610, "T", "DIP", "$1N7251", "", "O", 78.74, 98.42, 51.18, 180],
		[120, "Q2_3", 2600, -610, "B", "DIP", "$1N7251", "", "O", 78.74, 98.42, 51.18, 180],
		[121, "Q3_1", 1990, -840, "T", "DIP", "GND", "GND", "R", 35.43, 62.99, 27.56, 270],
		[122, "Q3_1", 1990, -840, "B", "DIP", "GND", "GND", "R", 35.43, 62.99, 27.56, 270],
		[123, "Q3_2", 1990, -890, "T", "DIP", "$1N7309", "", "O", 35.43, 62.99, 27.56, 270],
		[124, "Q3_2", 1990, -890, "B", "DIP", "$1N7309", "", "O", 35.43, 62.99, 27.56, 270],
		[125, "Q3_3", 1990, -940, "T", "DIP", "$1N20188", "", "O", 35.43, 62.99, 27.56, 270],
		[126, "Q3_3", 1990, -940, "B", "DIP", "$1N20188", "", "O", 35.43, 62.99, 27.56, 270],
		[127, "R1_1", 680, -925.63, "T", "SMD", "$1N958", "", "R", 44.59, 54.21, 0, 270],
		[128, "R1_2", 680, -1004.37, "T", "SMD", "GND", "GND", "R", 44.59, 54.21, 0, 270],
		[129, "R2_1", 154.37, -1550, "T", "SMD", "$1N1102", "", "R", 44.59, 54.21, 0, 180],
		[130, "R2_2", 75.63, -1550, "T", "SMD", "GND", "GND", "R", 44.59, 54.21, 0, 180],
		[131, "R3_1", 679.37, -736.26, "T", "SMD", "$1N1835", "", "R", 44.59, 54.21, 0, 270],
		[132, "R3_2", 679.37, -815, "T", "SMD", "+3.3V", "", "R", 44.59, 54.21, 0, 270],
		[133, "R4_1", 504.37, -1333.74, "T", "SMD", "$1N1971", "", "R", 44.59, 54.21, 0, 90],
		[134, "R4_2", 504.37, -1255, "T", "SMD", "+3.3V", "", "R", 44.59, 54.21, 0, 90],
		[135, "R8_1", 2835, -900.34, "T", "SMD", "$1N20208", "", "R", 31.75, 34.02, 0, 270],
		[136, "R8_2", 2835, -959.66, "T", "SMD", "+5V", "", "R", 31.75, 34.02, 0, 270],
		[137, "R11_1", 2835, -755.34, "T", "SMD", "$1N7118", "", "R", 31.75, 34.02, 0, 270],
		[138, "R11_2", 2835, -814.66, "T", "SMD", "$1N19867", "", "R", 31.75, 34.02, 0, 270],
		[139, "R12_1", 2580.63, -1250, "T", "SMD", "$1N19942", "", "R", 44.59, 54.21, 0, 0],
		[140, "R12_2", 2659.37, -1250, "T", "SMD", "$1N20005", "", "R", 44.59, 54.21, 0, 0],
		[141, "R13_1", 2835, -1114.66, "T", "SMD", "$1N20188", "", "R", 31.75, 34.02, 0, 90],
		[142, "R13_2", 2835, -1055.34, "T", "SMD", "$1N20192", "", "R", 31.75, 34.02, 0, 90],
		[143, "R14_1", 2770, -1244.37, "T", "SMD", "$1N7282", "", "R", 44.59, 54.21, 0, 0],
		[144, "R14_2", 2848.74, -1244.37, "T", "SMD", "220VAC+", "", "R", 44.59, 54.21, 0, 0],
		[145, "U1_1", 1575.19, -700.51, "T", "SMD", "GND", "GND", "R", 59.05, 35.43, 0, 270],
		[146, "U1_2", 1525.19, -700.51, "T", "SMD", "+3.3V", "", "R", 59.05, 35.43, 0, 270],
		[147, "U1_3", 1475.19, -700.51, "T", "SMD", "$1N1971", "", "R", 59.05, 35.43, 0, 270],
		[148, "U1_4", 1425.19, -700.51, "T", "SMD", "GPIO4", "", "R", 59.05, 35.43, 0, 270],
		[149, "U1_5", 1375.19, -700.51, "T", "SMD", "GPIO5", "", "R", 59.05, 35.43, 0, 270],
		[150, "U1_6", 1325.19, -700.51, "T", "SMD", "GPIO6", "", "R", 59.05, 35.43, 0, 270],
		[151, "U1_7", 1275.19, -700.51, "T", "SMD", "GPIO7", "", "R", 59.05, 35.43, 0, 270],
		[152, "U1_8", 1225.19, -700.51, "T", "SMD", "GPIO15", "", "R", 59.05, 35.43, 0, 270],
		[153, "U1_9", 1175.19, -700.51, "T", "SMD", "GPIO16", "", "R", 59.05, 35.43, 0, 270],
		[154, "U1_10", 1125.19, -700.51, "T", "SMD", "GPIO17", "", "R", 59.05, 35.43, 0, 270],
		[155, "U1_11", 1075.19, -700.51, "T", "SMD", "GPIO18", "", "R", 59.05, 35.43, 0, 270],
		[156, "U1_12", 1025.19, -700.51, "T", "SMD", "GPIO8", "", "R", 59.05, 35.43, 0, 270],
		[157, "U1_13", 975.19, -700.51, "T", "SMD", "D-", "", "R", 59.05, 35.43, 0, 270],
		[158, "U1_14", 925.19, -700.51, "T", "SMD", "D+", "", "R", 59.05, 35.43, 0, 270],
		[159, "U1_15", 874.81, -770, "T", "SMD", "GPIO3", "", "R", 59.05, 35.43, 0, 0],
		[160, "U1_16", 874.81, -820, "T", "SMD", "GPIO46", "", "R", 59.05, 35.43, 0, 0],
		[161, "U1_17", 874.81, -870, "T", "SMD", "GPIO9", "", "R", 59.05, 35.43, 0, 0],
		[162, "U1_18", 874.81, -920, "T", "SMD", "GPIO10", "", "R", 59.05, 35.43, 0, 0],
		[163, "U1_19", 874.81, -970, "T", "SMD", "GPIO11", "", "R", 59.05, 35.43, 0, 0],
		[164, "U1_20", 874.81, -1020, "T", "SMD", "GPIO12", "", "R", 59.05, 35.43, 0, 0],
		[165, "U1_21", 874.81, -1070, "T", "SMD", "GPIO13", "", "R", 59.05, 35.43, 0, 0],
		[166, "U1_22", 874.81, -1120, "T", "SMD", "GPIO14", "", "R", 59.05, 35.43, 0, 0],
		[167, "U1_23", 874.8, -1170, "T", "SMD", "GPIO21", "", "R", 59.05, 35.43, 0, 0],
		[168, "U1_24", 874.8, -1220, "T", "SMD", "GPIO47", "", "R", 59.05, 35.43, 0, 0],
		[169, "U1_25", 874.8, -1270, "T", "SMD", "GPIO48", "", "R", 59.05, 35.43, 0, 0],
		[170, "U1_26", 875.98, -1320, "T", "SMD", "GPIO45", "", "R", 59.05, 35.43, 0, 0],
		[171, "U1_27", 925.19, -1389.49, "T", "SMD", "GPIO0", "", "R", 59.05, 35.43, 0, 90],
		[172, "U1_28", 975.19, -1389.49, "T", "SMD", "GPIO35", "", "R", 59.05, 35.43, 0, 90],
		[173, "U1_29", 1025.19, -1389.49, "T", "SMD", "GPIO36", "", "R", 59.05, 35.43, 0, 90],
		[174, "U1_30", 1075.19, -1389.49, "T", "SMD", "GPIO37", "", "R", 59.05, 35.43, 0, 90],
		[175, "U1_31", 1125.19, -1389.49, "T", "SMD", "GPIO38", "", "R", 59.05, 35.43, 0, 90],
		[176, "U1_32", 1175.19, -1389.49, "T", "SMD", "GPIO39", "", "R", 59.05, 35.43, 0, 90],
		[177, "U1_33", 1225.19, -1389.49, "T", "SMD", "GPIO40", "", "R", 59.05, 35.43, 0, 90],
		[178, "U1_34", 1275.19, -1389.49, "T", "SMD", "GPIO41", "", "R", 59.05, 35.43, 0, 90],
		[179, "U1_35", 1325.19, -1389.49, "T", "SMD", "GPIO42", "", "R", 59.05, 35.43, 0, 90],
		[180, "U1_36", 1375.19, -1389.49, "T", "SMD", "RXD", "", "R", 59.05, 35.43, 0, 90],
		[181, "U1_37", 1425.19, -1389.49, "T", "SMD", "TXD", "", "R", 59.05, 35.43, 0, 90],
		[182, "U1_38", 1475.19, -1389.49, "T", "SMD", "GPIO2", "", "R", 59.05, 35.43, 0, 90],
		[183, "U1_39", 1525.19, -1389.49, "T", "SMD", "GPIO1", "", "R", 59.05, 35.43, 0, 90],
		[184, "U1_40", 1575.19, -1389.49, "T", "SMD", "GND", "GND", "R", 59.05, 35.43, 0, 90],
		[185, "U1_41", 1216.13, -1041.06, "T", "SMD", "GND", "GND", "R", 35.43, 35.43, 0, 0],
		[186, "U1_41", 1216.13, -985.94, "T", "SMD", "GND", "GND", "R", 35.43, 35.43, 0, 0],
		[187, "U1_41", 1216.13, -930.82, "T", "SMD", "GND", "GND", "R", 35.43, 35.43, 0, 0],
		[188, "U1_41", 1326.38, -930.82, "T", "SMD", "GND", "GND", "R", 35.43, 35.43, 0, 0],
		[189, "U1_41", 1326.38, -985.94, "T", "SMD", "GND", "GND", "R", 35.43, 35.43, 0, 0],
		[190, "U1_41", 1326.38, -1041.06, "T", "SMD", "GND", "GND", "R", 35.43, 35.43, 0, 0],
		[191, "U1_41", 1271.26, -1041.06, "T", "SMD", "GND", "GND", "R", 35.43, 35.43, 0, 0],
		[192, "U1_41", 1271.26, -930.82, "T", "SMD", "GND", "GND", "R", 35.43, 35.43, 0, 0],
		[193, "U1_41", 1271.26, -985.94, "T", "SMD", "GND", "GND", "R", 35.43, 35.43, 0, 0],
		[194, "U2_1", 886.46, -1615, "T", "SMD", "GND", "GND", "R", 31.11, 21.26, 0, 180],
		[195, "U2_2", 843.54, -1615, "T", "SMD", "+5V", "", "R", 31.11, 21.26, 0, 180],
		[196, "U3_1", 1368.07, -1509.45, "T", "SMD", "GND", "GND", "R", 98.42, 43.31, 0, 180],
		[197, "U3_2", 1368.07, -1600, "T", "SMD", "+3.3V", "", "R", 98.42, 43.31, 0, 180],
		[198, "U3_3", 1368.07, -1690.55, "T", "SMD", "+5V", "", "R", 98.42, 43.31, 0, 180],
		[199, "U3_4", 1601.93, -1600, "T", "SMD", "+3.3V", "", "R", 92.13, 141.73, 0, 180],
		[200, "U5_1", 680.13, -1171.48, "T", "SMD", "GND", "GND", "R", 31.5, 31.5, 0, 180],
		[201, "U5_2", 679.86, -1108.52, "T", "SMD", "$1N1835", "", "R", 31.5, 31.5, 0, 180],
		[202, "U6_1", 998.54, -1615, "T", "SMD", "GND", "GND", "R", 31.11, 21.26, 0, 0],
		[203, "U6_2", 1041.46, -1615, "T", "SMD", "$1N1971", "", "R", 31.11, 21.26, 0, 0],
		[204, "U9_1", 2220, -1035, "T", "DIP", "$1N20208", "", "R", 70.87, 70.87, 39.37, 90],
		[205, "U9_1", 2220, -1035, "B", "DIP", "$1N20208", "", "R", 70.87, 70.87, 39.37, 90],
		[206, "U9_2", 2320, -1035, "T", "DIP", "$1N7309", "", "C", 70.87, 70.87, 39.37, 90],
		[207, "U9_2", 2320, -1035, "B", "DIP", "$1N7309", "", "C", 70.87, 70.87, 39.37, 90],
		[208, "U9_3", 2420, -1035, "T", "DIP", "U9_3", "", "C", 70.87, 70.87, 39.37, 90],
		[209, "U9_3", 2420, -1035, "B", "DIP", "U9_3", "", "C", 70.87, 70.87, 39.37, 90],
		[210, "U9_4", 2420, -735, "T", "DIP", "$1N7251", "", "C", 70.87, 70.87, 39.37, 90],
		[211, "U9_4", 2420, -735, "B", "DIP", "$1N7251", "", "C", 70.87, 70.87, 39.37, 90],
		[212, "U9_5", 2320, -735, "T", "DIP", "U9_5", "", "C", 70.87, 70.87, 39.37, 90],
		[213, "U9_5", 2320, -735, "B", "DIP", "U9_5", "", "C", 70.87, 70.87, 39.37, 90],
		[214, "U9_6", 2220, -735, "T", "DIP", "$1N7282", "", "C", 70.87, 70.87, 39.37, 90],
		[215, "U9_6", 2220, -735, "B", "DIP", "$1N7282", "", "C", 70.87, 70.87, 39.37, 90],
		[216, "U13_1", 1153.54, -1615, "T", "SMD", "GND", "GND", "R", 31.11, 21.26, 0, 0],
		[217, "U13_2", 1196.46, -1615, "T", "SMD", "+3.3V", "", "R", 31.11, 21.26, 0, 0],
		[218, "U14_1", 2410, -595, "T", "DIP", "$1N19942", "", "R", 66.93, 66.93, 43.31, 180],
		[219, "U14_1", 2410, -595, "B", "DIP", "$1N19942", "", "R", 66.93, 66.93, 43.31, 180],
		[220, "U14_2", 2310, -595, "T", "DIP", "$1N20005", "", "C", 66.93, 66.93, 43.31, 180],
		[221, "U14_2", 2310, -595, "B", "DIP", "$1N20005", "", "C", 66.93, 66.93, 43.31, 180],
		[222, "U14_3", 2210, -595, "T", "DIP", "$1N20192", "", "C", 66.93, 66.93, 43.31, 180],
		[223, "U14_3", 2210, -595, "B", "DIP", "$1N20192", "", "C", 66.93, 66.93, 43.31, 180],
		[224, "U14_4", 2110, -595, "T", "DIP", "GND", "GND", "C", 66.93, 66.93, 43.31, 180],
		[225, "U14_4", 2110, -595, "B", "DIP", "GND", "GND", "C", 66.93, 66.93, 43.31, 180],
		[226, "U16_1", 1949.25, -1200, "T", "DIP", "+5V", "", "C", 86.61, 86.61, 55.12, 180],
		[227, "U16_1", 1949.25, -1200, "B", "DIP", "+5V", "", "C", 86.61, 86.61, 55.12, 180],
		[228, "U16_2", 2480.75, -1200, "T", "DIP", "$1N17127", "", "C", 86.61, 86.61, 55.12, 180],
		[229, "U16_2", 2480.75, -1200, "B", "DIP", "$1N17127", "", "C", 86.61, 86.61, 55.12, 180],
		[230, "U17_1", 2615, -1095, "T", "DIP", "$1N7118", "", "O", 60, 78.74, 39.37, 0],
		[231, "U17_1", 2615, -1095, "B", "DIP", "$1N7118", "", "O", 60, 78.74, 39.37, 0],
		[232, "U17_2", 2715, -1095, "T", "DIP", "$1N19858", "", "O", 60, 78.74, 39.37, 0],
		[233, "U17_2", 2715, -1095, "B", "DIP", "$1N19858", "", "O", 60, 78.74, 39.37, 0],
		[234, "U17_3", 2715, -795, "T", "DIP", "GND", "GND", "O", 60, 78.74, 39.37, 0],
		[235, "U17_3", 2715, -795, "B", "DIP", "GND", "GND", "O", 60, 78.74, 39.37, 0],
		[236, "U17_4", 2615, -795, "T", "DIP", "$1N20005", "", "O", 60, 78.74, 39.37, 0],
		[237, "U17_4", 2615, -795, "B", "DIP", "$1N20005", "", "O", 60, 78.74, 39.37, 0],
		[238, "USB1_1", 263.51, -759.01, "T", "SMD", "GND", "GND", "R", 21.65, 43.31, 0, 270],
		[239, "USB1_2", 263.51, -790.52, "T", "SMD", "$1N17029", "", "R", 21.65, 43.31, 0, 270],
		[240, "USB1_3", 263.51, -816.11, "T", "SMD", "USB1_3", "", "R", 11.81, 43.31, 0, 270],
		[241, "USB1_4", 263.51, -835.79, "T", "SMD", "$1N958", "", "R", 11.81, 43.31, 0, 270],
		[242, "USB1_5", 263.51, -855.48, "T", "SMD", "D-", "", "R", 11.81, 43.31, 0, 270],
		[243, "USB1_6", 263.5, -875.15, "T", "SMD", "D+", "", "R", 11.81, 43.31, 0, 270],
		[244, "USB1_7", 263.5, -894.85, "T", "SMD", "D-", "", "R", 11.81, 43.31, 0, 270],
		[245, "USB1_8", 263.5, -914.52, "T", "SMD", "D+", "", "R", 11.81, 43.31, 0, 270],
		[246, "USB1_9", 263.5, -934.21, "T", "SMD", "USB1_9", "", "R", 11.81, 43.31, 0, 270],
		[247, "USB1_10", 263.5, -953.9, "T", "SMD", "$1N1102", "", "R", 11.81, 43.31, 0, 270],
		[248, "USB1_11", 263.5, -979.5, "T", "SMD", "$1N17029", "", "R", 21.65, 43.31, 0, 270],
		[249, "USB1_12", 263.5, -1010.99, "T", "SMD", "GND", "GND", "R", 21.65, 43.31, 0, 270],
		[250, "USB1_13", 241.86, -714.72, "T", "DIP", "GND", "GND", "O", 43.31, 78.74, 59.05, 270],
		[251, "USB1_13", 241.86, -714.72, "B", "DIP", "GND", "GND", "O", 43.31, 78.74, 59.05, 270],
		[252, "USB1_13", 76.49, -714.72, "T", "DIP", "GND", "GND", "O", 47.24, 70.87, 47.24, 270],
		[253, "USB1_13", 76.49, -714.72, "B", "DIP", "GND", "GND", "O", 47.24, 70.87, 47.24, 270],
		[254, "USB1_14", 241.86, -1055.28, "T", "DIP", "GND", "GND", "O", 43.31, 78.74, 59.06, 270],
		[255, "USB1_14", 241.86, -1055.28, "B", "DIP", "GND", "GND", "O", 43.31, 78.74, 59.06, 270],
		[256, "USB1_14", 76.5, -1055.28, "T", "DIP", "GND", "GND", "O", 47.24, 70.87, 47.24, 270],
		[257, "USB1_14", 76.5, -1055.28, "B", "DIP", "GND", "GND", "O", 47.24, 70.87, 47.24, 270]
	]
}
}